{"accuracy": [0.5603448152542114, 0.59375, 0.5517241358757019, 0.625, 0.6206896305084229, 0.40625, 0.5862069129943848, 0.71875, 0.734375, 0.75], "loss": [1.4481137990951538, 0.682330846786499, 0.7318796515464783, 0.6449230909347534, 0.6381924748420715, 0.6893725395202637, 0.6307380199432373, 0.5016139149665833, 0.5402481555938721, 0.49973997473716736]}